{"flutter":{"platforms":{"android":{"default":{"projectId":"fir-b2712","appId":"1:687580991694:android:5970da942263644ef1409f","fileOutput":"android/app/google-services.json"}},"dart":{"lib/firebase_options.dart":{"projectId":"fir-b2712","configurations":{"android":"1:687580991694:android:5970da942263644ef1409f","ios":"1:687580991694:ios:f94e3dc785cb11d7f1409f","macos":"1:687580991694:ios:f94e3dc785cb11d7f1409f","web":"1:687580991694:web:da11bbb0191d265bf1409f","windows":"1:687580991694:web:c41b4e92a08a9344f1409f"}}}}}}